{"nrClass":2,"l":46,"supportVectors":[[[1.3116597694437708,1.1601220870229645,0.5715518527285339],[1]],[[0.32266716280313945,-1.1712033917147953,1.2499034527621138],[0.2845538419764187]],[[0.06485348619509157,1.2327678131056705,0.8138198487881274],[1]],[[0.0772622256566069,1.2488996445768643,0.8044415690920211],[1]],[[-1.6348712894410542,0.3528792566060745,-0.05720871477452],[1]],[[-1.6100538105180235,0.38514291954846214,-0.07596527416673238],[0.39284726266094117]],[[-1.8383259743398104,-0.21735696459942222,0.4061712609498896],[1]],[[-1.3667036309404401,1.3317095078225505,-0.5620867042539716],[0.5501876601892534]],[[0.22818553432372174,1.1523703541663166,1.105818636214739],[0.7394672834585249]],[[-0.9814349320284887,-0.004220753612678707,1.290802417335813],[0.7791994090597443]],[[-1.0180403963983933,-0.0031563396989980896,1.244199336757581],[1]],[[0.9603195463665526,-0.7705447152174356,0.667739725770135],[1]],[[0.37801052125137624,-1.040871443248828,1.1189535184993857],[1]],[[-0.1359443760660587,0.6068459746905581,-2.0278028069389755],[1]],[[-1.772173119129505,-0.3487000572011626,0.5622740945138724],[0.042379417057473154]],[[0.355551273500852,-0.9824940880550245,1.0022439945221961],[1]],[[0.3316220569911714,-0.952765842641123,1.0217187423099343],[1]],[[0.12209227630194774,-1.2819102168232168,1.329541082124507],[1]],[[-1.479334731495566,-1.288024750690854,-0.8802007047856302],[1]],[[-1.373860446072686,-1.1509041831857065,-0.9599160822025329],[1]],[[-0.46647753652023227,1.273844511584133,-1.6926396749780204],[0.6013656495421551]],[[0.15963092880817797,1.7380123948033313,0.6303065054873106],[1]],[[-0.5505150799679672,1.7586620247287357,-0.273793257730392],[0.9524384335447842]],[[-0.4003871525752658,1.8470496625767436,0.9068400369577043],[-1]],[[-0.590661961015329,1.8762308811490391,0.7855942793997917],[-1]],[[-0.43803573380495375,1.8800391412299136,0.9673174618646669],[-1]],[[-0.10033086754365167,-0.048442846193189726,-1.7692230571212102],[-0.7688965759620943]],[[-0.2309938161320843,-0.05288975462227241,-1.9229843912391464],[-1]],[[1.4840266061041851,-0.014230683531284982,0.4394921390170533],[-1]],[[-0.23523224797510406,-0.09004526742356245,-1.9657318475257708],[-0.25505595388075036]],[[1.247557235519186,0.09194186945658661,0.17537745188287152],[-1]],[[0.14291911173833072,1.1752952588207188,0.8717967270257541],[-1]],[[-1.3125376678946838,0.6968702239053354,1.4161276122176236],[-0.5950595759593986]],[[-0.8976236748106539,0.7952104754218206,2.0271819127627912],[-1]],[[1.169865929453458,-1.0683933720624046,0.40588782875490903],[-0.21961868817288113]],[[1.0422389523475974,-1.0518018774410722,0.5065143307506015],[-1]],[[-0.9869062516958876,-1.7786522770352966,-1.4741839329564193],[-1]],[[-2.000819602428803,0.2666078544548959,0.7559233745208301],[-1]],[[-1.907352785074209,0.7912455008630189,0.6040344286431318],[-0.878297778536379]],[[-2.0160524550406986,0.786159944085728,0.4782349428721351],[-1]],[[-0.34639701296390496,-1.2645375084878463,-1.000680335474853],[-0.2878447219220544]],[[1.4376022645908022,0.47760537770979467,-0.4625972344837544],[-0.3376656630557373]],[[-0.0007338374705836426,-1.4847685783706701,0.5771284257343607],[-1]],[[-0.048592270489944744,-1.4253120875428669,0.6160779213098371],[-1]],[[0.04658193687180667,-1.4280795637184367,0.7372459308132406],[-1]],[[0.1422988029105291,-1.546992545374043,0.6593469396622879],[-1]]],"nbSupportVectors":[23,23],"labels":[0,1],"rho":[0.13268593448835317],"params":{"svmType":0,"kernelType":2,"degree":[],"gamma":0.5,"r":[],"c":1,"nu":[],"epsilon":[],"kFold":4,"normalize":true,"reduce":true,"retainedVariance":0.99,"eps":0.001,"cacheSize":200,"shrinking":true,"probability":false,"color":true,"interactive":true,"cwd":"/Users/Andrew/Projects/Octoblu/connected-koozie","pathToModel":"predictionModel","mu":[114.74018126888218,106.49244712990937,132.98791540785498],"sigma":[70.02083538838122,84.35962313489614,89.24970827952747],"u":[[-0.5585145767324262,0.6938655261707337,0.4545460363584855],[-0.6176046357846005,0.017958711323527783,-0.7862836629009714],[0.5537381885284502,0.7198806264092741,-0.4185043635206466]]}}
